{
  "project_info": {
    "project_number": "855767281311",
    "firebase_url": "https://fir-app-659c6.firebaseio.com",
    "project_id": "fir-app-659c6",
    "storage_bucket": "fir-app-659c6.appspot.com"
  },
  "client": [
    {
      "client_info": {
        "mobilesdk_app_id": "1:855767281311:android:c2ca42733a69de1b78bcaa",
        "android_client_info": {
          "package_name": "com.firebase.qwe"
        }
      },
      "oauth_client": [
        {
          "client_id": "855767281311-tg4n61c9jk6sd7ofc590jegm8o60tg9m.apps.googleusercontent.com",
          "client_type": 1,
          "android_info": {
            "package_name": "com.firebase.qwe",
            "certificate_hash": "3d3a9962bbb6372bbbef71c23796f2ab75affe9f"
          }
        },
        {
          "client_id": "855767281311-lgvriv08hf2ib7tl3ebcc35518dqspph.apps.googleusercontent.com",
          "client_type": 3
        }
      ],
      "api_key": [
        {
          "current_key": "AIzaSyB58h88Yg2awMxZi3zjSz_ELUsBJluSxRI"
        }
      ],
      "services": {
        "appinvite_service": {
          "other_platform_oauth_client": [
            {
              "client_id": "855767281311-lgvriv08hf2ib7tl3ebcc35518dqspph.apps.googleusercontent.com",
              "client_type": 3
            }
          ]
        }
      }
    }
  ],
  "configuration_version": "1"
}